[{
  "model": "inventory.productrange",
  "pk": 1,
  "fields": {
    "range_ID": "389839",
    "SKU": "RNG_A8D_D83_NFU",
    "name": "Test Range",
    "department": 1,
    "description": "A test product<br>Line Two",
    "amazon_search_terms": "Ceramic Mug|Dad's Army",
    "amazon_bullet_points": "Dad's Army - Service Issue Mug.|Ceramic Boxed Mug.|Height: 11 cm x Width: 8 cm approx.|Officially Licensed Product.",
    "end_of_line": false,
    "hidden": false
  }
}, {
  "model": "inventory.product",
  "pk": 1,
  "fields": {
    "product_ID": "93943",
    "product_range": 1,
    "SKU": "G1B_L2M_LNL",
    "supplier": 1,
    "supplier_SKU": "TV009",
    "barcode": "29485839",
    "purchase_price": "5.60",
    "VAT_rate": 1,
    "price": "6.80",
    "retail_price": "12.70",
    "brand": 1,
    "manufacturer": 1,
    "package_type": 1,
    "international_shipping": 1,
    "weight_grams": 500,
    "length_mm": 50,
    "height_mm": 150,
    "width_mm": 24,
    "multipack": false,
    "end_of_line": false,
    "status": "creating",
    "date_created": "2019-10-17",
    "last_modified": "2019-10-17T13:35:26.859Z",
    "gender": 1,
    "range_order": 0,
    "bays": [3, 4, 5]
  }
}, {
  "model": "inventory.product",
  "pk": 2,
  "fields": {
    "product_ID": "93944",
    "product_range": 1,
    "SKU": "AZN_JCN_4LK",
    "supplier": 1,
    "supplier_SKU": "TV009",
    "barcode": "29485839",
    "purchase_price": "5.60",
    "VAT_rate": 1,
    "price": "6.80",
    "retail_price": "12.70",
    "brand": 1,
    "manufacturer": 1,
    "package_type": 1,
    "international_shipping": 1,
    "weight_grams": 500,
    "length_mm": 50,
    "height_mm": 150,
    "width_mm": 24,
    "multipack": false,
    "end_of_line": false,
    "status": "creating",
    "date_created": "2019-10-17",
    "last_modified": "2019-10-17T13:35:26.881Z",
    "gender": 1,
    "range_order": 0,
    "bays": [3, 4, 5]
  }
}, {
  "model": "inventory.product",
  "pk": 3,
  "fields": {
    "product_ID": "93945",
    "product_range": 1,
    "SKU": "ZDY_7MW_QJD",
    "supplier": 1,
    "supplier_SKU": "TV009",
    "barcode": "29485839",
    "purchase_price": "5.60",
    "VAT_rate": 1,
    "price": "6.80",
    "retail_price": "12.70",
    "brand": 1,
    "manufacturer": 1,
    "package_type": 1,
    "international_shipping": 1,
    "weight_grams": 500,
    "length_mm": 50,
    "height_mm": 150,
    "width_mm": 24,
    "multipack": false,
    "end_of_line": false,
    "status": "creating",
    "date_created": "2019-10-17",
    "last_modified": "2019-10-17T13:35:26.895Z",
    "gender": 1,
    "range_order": 0,
    "bays": [3, 4, 5]
  }
}, {
  "model": "inventory.product",
  "pk": 4,
  "fields": {
    "product_ID": "93946",
    "product_range": 1,
    "SKU": "5L0_B13_0Y7",
    "supplier": 1,
    "supplier_SKU": "TV009",
    "barcode": "29485839",
    "purchase_price": "5.60",
    "VAT_rate": 1,
    "price": "6.80",
    "retail_price": "12.70",
    "brand": 1,
    "manufacturer": 1,
    "package_type": 1,
    "international_shipping": 1,
    "weight_grams": 500,
    "length_mm": 50,
    "height_mm": 150,
    "width_mm": 24,
    "multipack": false,
    "end_of_line": false,
    "status": "creating",
    "date_created": "2019-10-17",
    "last_modified": "2019-10-17T13:35:26.909Z",
    "gender": 1,
    "range_order": 0,
    "bays": [3, 4, 5]
  }
}, {
  "model": "inventory.product",
  "pk": 5,
  "fields": {
    "product_ID": "93947",
    "product_range": 1,
    "SKU": "4LC_X6H_6NO",
    "supplier": 1,
    "supplier_SKU": "TV009",
    "barcode": "29485839",
    "purchase_price": "5.60",
    "VAT_rate": 1,
    "price": "6.80",
    "retail_price": "12.70",
    "brand": 1,
    "manufacturer": 1,
    "package_type": 1,
    "international_shipping": 1,
    "weight_grams": 500,
    "length_mm": 50,
    "height_mm": 150,
    "width_mm": 24,
    "multipack": false,
    "end_of_line": false,
    "status": "creating",
    "date_created": "2019-10-17",
    "last_modified": "2019-10-17T13:35:26.922Z",
    "gender": 1,
    "range_order": 0,
    "bays": [3, 4, 5]
  }
}, {
  "model": "inventory.product",
  "pk": 6,
  "fields": {
    "product_ID": "93948",
    "product_range": 1,
    "SKU": "TIZ_X2O_ZRQ",
    "supplier": 1,
    "supplier_SKU": "TV009",
    "barcode": "29485839",
    "purchase_price": "5.60",
    "VAT_rate": 1,
    "price": "6.80",
    "retail_price": "12.70",
    "brand": 1,
    "manufacturer": 1,
    "package_type": 1,
    "international_shipping": 1,
    "weight_grams": 500,
    "length_mm": 50,
    "height_mm": 150,
    "width_mm": 24,
    "multipack": false,
    "end_of_line": false,
    "status": "creating",
    "date_created": "2019-10-17",
    "last_modified": "2019-10-17T13:35:26.935Z",
    "gender": 1,
    "range_order": 0,
    "bays": [3, 4, 5]
  }
}, {
  "model": "inventory.product",
  "pk": 7,
  "fields": {
    "product_ID": "93949",
    "product_range": 1,
    "SKU": "WPA_467_IVK",
    "supplier": 1,
    "supplier_SKU": "TV009",
    "barcode": "29485839",
    "purchase_price": "5.60",
    "VAT_rate": 1,
    "price": "6.80",
    "retail_price": "12.70",
    "brand": 1,
    "manufacturer": 1,
    "package_type": 1,
    "international_shipping": 1,
    "weight_grams": 500,
    "length_mm": 50,
    "height_mm": 150,
    "width_mm": 24,
    "multipack": false,
    "end_of_line": false,
    "status": "creating",
    "date_created": "2019-10-17",
    "last_modified": "2019-10-17T13:35:26.949Z",
    "gender": 1,
    "range_order": 0,
    "bays": [3, 4, 5]
  }
}, {
  "model": "inventory.product",
  "pk": 8,
  "fields": {
    "product_ID": "93950",
    "product_range": 1,
    "SKU": "R12_UGL_HN6",
    "supplier": 1,
    "supplier_SKU": "TV009",
    "barcode": "29485839",
    "purchase_price": "5.60",
    "VAT_rate": 1,
    "price": "6.80",
    "retail_price": "12.70",
    "brand": 1,
    "manufacturer": 1,
    "package_type": 1,
    "international_shipping": 1,
    "weight_grams": 500,
    "length_mm": 50,
    "height_mm": 150,
    "width_mm": 24,
    "multipack": false,
    "end_of_line": false,
    "status": "creating",
    "date_created": "2019-10-17",
    "last_modified": "2019-10-17T13:35:26.961Z",
    "gender": 1,
    "range_order": 0,
    "bays": [3, 4, 5]
  }
}, {
  "model": "inventory.product",
  "pk": 9,
  "fields": {
    "product_ID": "93951",
    "product_range": 1,
    "SKU": "P4X_E5S_GHT",
    "supplier": 1,
    "supplier_SKU": "TV009",
    "barcode": "29485839",
    "purchase_price": "5.60",
    "VAT_rate": 1,
    "price": "6.80",
    "retail_price": "12.70",
    "brand": 1,
    "manufacturer": 1,
    "package_type": 1,
    "international_shipping": 1,
    "weight_grams": 500,
    "length_mm": 50,
    "height_mm": 150,
    "width_mm": 24,
    "multipack": false,
    "end_of_line": false,
    "status": "creating",
    "date_created": "2019-10-17",
    "last_modified": "2019-10-17T13:35:26.973Z",
    "gender": 1,
    "range_order": 0,
    "bays": [3, 4, 5]
  }
}, {
  "model": "inventory.productrangeselectedoption",
  "pk": 1,
  "fields": {
    "product_range": 1,
    "product_option": 1,
    "variation": true
  }
}, {
  "model": "inventory.productrangeselectedoption",
  "pk": 2,
  "fields": {
    "product_range": 1,
    "product_option": 2,
    "variation": true
  }
}, {
  "model": "inventory.productrangeselectedoption",
  "pk": 3,
  "fields": {
    "product_range": 1,
    "product_option": 3,
    "variation": false
  }
}, {
  "model": "inventory.productoptionvaluelink",
  "pk": 1,
  "fields": {
    "product": 1,
    "product_option_value": 4
  }
}, {
  "model": "inventory.productoptionvaluelink",
  "pk": 2,
  "fields": {
    "product": 1,
    "product_option_value": 1
  }
}, {
  "model": "inventory.productoptionvaluelink",
  "pk": 3,
  "fields": {
    "product": 1,
    "product_option_value": 7
  }
}, {
  "model": "inventory.productoptionvaluelink",
  "pk": 4,
  "fields": {
    "product": 2,
    "product_option_value": 4
  }
}, {
  "model": "inventory.productoptionvaluelink",
  "pk": 5,
  "fields": {
    "product": 2,
    "product_option_value": 2
  }
}, {
  "model": "inventory.productoptionvaluelink",
  "pk": 6,
  "fields": {
    "product": 2,
    "product_option_value": 7
  }
}, {
  "model": "inventory.productoptionvaluelink",
  "pk": 7,
  "fields": {
    "product": 3,
    "product_option_value": 4
  }
}, {
  "model": "inventory.productoptionvaluelink",
  "pk": 8,
  "fields": {
    "product": 3,
    "product_option_value": 3
  }
}, {
  "model": "inventory.productoptionvaluelink",
  "pk": 9,
  "fields": {
    "product": 3,
    "product_option_value": 7
  }
}, {
  "model": "inventory.productoptionvaluelink",
  "pk": 10,
  "fields": {
    "product": 4,
    "product_option_value": 5
  }
}, {
  "model": "inventory.productoptionvaluelink",
  "pk": 11,
  "fields": {
    "product": 4,
    "product_option_value": 1
  }
}, {
  "model": "inventory.productoptionvaluelink",
  "pk": 12,
  "fields": {
    "product": 4,
    "product_option_value": 7
  }
}, {
  "model": "inventory.productoptionvaluelink",
  "pk": 13,
  "fields": {
    "product": 5,
    "product_option_value": 5
  }
}, {
  "model": "inventory.productoptionvaluelink",
  "pk": 14,
  "fields": {
    "product": 5,
    "product_option_value": 2
  }
}, {
  "model": "inventory.productoptionvaluelink",
  "pk": 15,
  "fields": {
    "product": 5,
    "product_option_value": 7
  }
}, {
  "model": "inventory.productoptionvaluelink",
  "pk": 16,
  "fields": {
    "product": 6,
    "product_option_value": 5
  }
}, {
  "model": "inventory.productoptionvaluelink",
  "pk": 17,
  "fields": {
    "product": 6,
    "product_option_value": 3
  }
}, {
  "model": "inventory.productoptionvaluelink",
  "pk": 18,
  "fields": {
    "product": 6,
    "product_option_value": 7
  }
}, {
  "model": "inventory.productoptionvaluelink",
  "pk": 19,
  "fields": {
    "product": 7,
    "product_option_value": 6
  }
}, {
  "model": "inventory.productoptionvaluelink",
  "pk": 20,
  "fields": {
    "product": 7,
    "product_option_value": 1
  }
}, {
  "model": "inventory.productoptionvaluelink",
  "pk": 21,
  "fields": {
    "product": 7,
    "product_option_value": 7
  }
}, {
  "model": "inventory.productoptionvaluelink",
  "pk": 22,
  "fields": {
    "product": 8,
    "product_option_value": 6
  }
}, {
  "model": "inventory.productoptionvaluelink",
  "pk": 23,
  "fields": {
    "product": 8,
    "product_option_value": 2
  }
}, {
  "model": "inventory.productoptionvaluelink",
  "pk": 24,
  "fields": {
    "product": 8,
    "product_option_value": 7
  }
}, {
  "model": "inventory.productoptionvaluelink",
  "pk": 25,
  "fields": {
    "product": 9,
    "product_option_value": 6
  }
}, {
  "model": "inventory.productoptionvaluelink",
  "pk": 26,
  "fields": {
    "product": 9,
    "product_option_value": 3
  }
}, {
  "model": "inventory.productoptionvaluelink",
  "pk": 27,
  "fields": {
    "product": 9,
    "product_option_value": 7
  }
}]